node_id,lat,lon,type,name,crossing
414684250,37.4736968,127.0385593,traffic_signals,영동1교남단,
414684314,37.4847851,127.0580247,traffic_signals,개포고교,
414684605,37.5034452,127.0211197,traffic_signals,서초삼호아파트,
414684613,37.5044062,127.0880599,traffic_signals,삼전사거리,
414684614,37.5044992,127.0246034,traffic_signals,교보타워사거리,
436813702,37.4819378,127.0615159,traffic_signals,,
436814246,37.4793483,127.0507189,traffic_signals,,
436814266,37.481848,127.0548088,traffic_signals,,
436814276,37.4834926,127.0570421,traffic_signals,,
436823575,37.5363703,127.0604062,crossing,,
436839042,37.5324164,127.0853111,traffic_signals,잠실대교북단,
436862086,37.5005574,127.0508808,traffic_signals,도성초교사거리,
571449373,37.4984882,127.0234914,crossing,,uncontrolled
595750358,37.5130567,127.0534003,traffic_signals,,
595750359,37.5130285,127.0532647,traffic_signals,,
596137575,37.5234254,127.0391725,crossing,,uncontrolled
600371993,37.5349314,127.0602418,crossing,,marked
601728853,37.5394152,127.062268,crossing,,marked
732030789,37.4833771,127.0242354,crossing,,
732032659,37.5221082,127.0226964,traffic_signals,,
732439651,37.5043109,127.0879937,traffic_signals,삼전사거리,
733125894,37.5323466,127.0855466,crossing,,traffic_signals
733125897,37.533498,127.084851,crossing,,traffic_signals
734690551,37.5010101,127.0854402,crossing,,traffic_signals
734690562,37.5013114,127.0846072,crossing,,traffic_signals
765257891,37.4961594,127.0989314,crossing,,traffic_signals
845976022,37.5023825,127.0969765,traffic_signals,,
845976104,37.4887306,127.0818428,traffic_signals,삼성서울병원사거리,
875533155,37.5102562,127.0581011,traffic_signals,공항타워건널목,
927733714,37.4708288,127.0431864,traffic_signals,,
997780458,37.5353079,127.0683946,traffic_signals,,
997781255,37.5324785,127.0854452,traffic_signals,잠실대교북단,
997781314,37.5352596,127.068566,traffic_signals,,
1019336020,37.5393668,127.0984694,traffic_signals,,
1326472596,37.5231716,127.0382648,crossing,,
1694782585,37.4798659,127.0410708,traffic_signals,,
1694783013,37.4824742,127.0359831,crossing,,traffic_signals
1853555166,37.5234865,127.0224692,traffic_signals,,
1878032450,37.4793556,127.026422,traffic_signals,,
1906684722,37.4966329,127.0881771,crossing,,zebra
1925498403,37.4718644,127.0454708,traffic_signals,,
1925498798,37.4754089,127.0414176,traffic_signals,,
1925498920,37.4770281,127.0428191,traffic_signals,,
1940826114,37.4788166,127.0475145,traffic_signals,,
2244637661,37.5200102,127.0282882,crossing,,
2280678860,37.5110085,127.021215,traffic_signals,,
2280678861,37.5110812,127.0214351,traffic_signals,,
2280678864,37.513054,127.0203099,crossing,,
2281095539,37.5044485,127.0244281,traffic_signals,교보타워사거리,
2655442270,37.4839443,127.0286401,crossing,,
2861603613,37.5183966,127.0233084,traffic_signals,,
2863416043,37.4717244,127.0450871,traffic_signals,,
3011682727,37.4758425,127.0465489,traffic_signals,,
3011692180,37.4842954,127.0519542,crossing,,
3011699118,37.4823359,127.0554824,traffic_signals,,
3054698233,37.501057,127.0262967,crossing,,traffic_signals
3054698333,37.5009804,127.0260403,crossing,,traffic_signals
3054785344,37.5034935,127.021282,crossing,,
3054787036,37.5035989,127.0210415,crossing,,
3087637699,37.4781105,127.0385073,traffic_signals,교육개발원입구,
3087637714,37.4822024,127.0366348,crossing,,traffic_signals
3087637715,37.4821236,127.0365162,crossing,,traffic_signals
3146844229,37.5016386,127.0260358,crossing,,traffic_signals
3146844230,37.5015446,127.0257598,crossing,,traffic_signals
3240699901,37.50754,127.09075,traffic_signals,잠실학원사거리,
3488653599,37.4713595,127.0512487,traffic_signals,구룡사앞,
3488653629,37.4888106,127.0818063,traffic_signals,,
3488653635,37.490633,127.0883533,traffic_signals,,
3559113785,37.4789853,127.0491231,traffic_signals,,
3560211093,37.4823163,127.0610377,crossing,,zebra
3560214268,37.4751447,127.0509055,crossing,,zebra
3560214269,37.4753658,127.0508488,crossing,,zebra
3560214270,37.4750679,127.0511873,crossing,,zebra
3624333670,37.5242847,127.0463568,crossing,,
3630343768,37.4715589,127.0510374,traffic_signals,구룡사앞,
3630343780,37.4737552,127.0487917,traffic_signals,국악고교앞,
3690640327,37.4861768,127.0293102,crossing,,marked
3693412477,37.4712537,127.0510934,traffic_signals,구룡사앞,
3693412478,37.4714637,127.0508835,traffic_signals,구룡사앞,
3693412480,37.4736797,127.048675,traffic_signals,국악고교앞,
3693412481,37.4757735,127.0464446,traffic_signals,,
3693412483,37.4782093,127.0445122,traffic_signals,,
3693412485,37.4782831,127.0446487,traffic_signals,,
3693412486,37.4791065,127.0442,traffic_signals,,
3734588281,37.5047615,127.0489011,crossing,,
3785495802,37.5388084,127.057759,crossing,,uncontrolled
3827169471,37.4848466,127.0374929,crossing,,
3827169473,37.4848453,127.0349624,crossing,,marked
3827169478,37.484902,127.0379422,crossing,,
3827169480,37.4849568,127.0382178,crossing,,
3827169922,37.4863045,127.0411282,crossing,,marked
3827169952,37.4866021,127.0332685,crossing,,marked
3827170678,37.4896587,127.0413154,crossing,,marked
3827170709,37.4913591,127.0380163,crossing,,marked
3827258701,37.4906499,127.0223779,crossing,,marked
3828439667,37.4887264,127.0986402,crossing,,zebra
3828439683,37.4893112,127.0987571,crossing,,zebra
3828439690,37.4896662,127.09861,crossing,,zebra
3828439696,37.4900366,127.0983578,crossing,,zebra
3828439704,37.4904933,127.0979901,crossing,,zebra
3828439711,37.490697,127.0976642,crossing,,zebra
3828439716,37.4908074,127.0970694,crossing,,zebra
3846729629,37.5394554,127.0577749,crossing,,uncontrolled
3975338425,37.5155692,127.0698924,crossing,,marked
3996935782,37.5366724,127.0833487,crossing,,traffic_signals
3996935884,37.5396147,127.0830688,crossing,,
3996936103,37.538434,127.0835321,crossing,,
3996936105,37.5391544,127.0831142,crossing,,
3996936106,37.5378005,127.0832477,crossing,,
3996936173,37.537406,127.0836147,crossing,,
3996936174,37.5366435,127.0837797,traffic_signals,,
3996936567,37.5395286,127.083364,crossing,,
4178882182,37.539172,127.0982664,traffic_signals,,
4646498111,37.5099521,127.0662999,crossing,,
4646498112,37.5097178,127.066386,crossing,,
4659769642,37.506787,127.0560267,crossing,,
4659803357,37.5092098,127.0633786,crossing,,
4677458022,37.5114623,127.0703957,crossing,,unmarked
4865811294,37.4737104,127.0387794,traffic_signals,,
4865831868,37.4896011,127.0317136,traffic_signals,뱅뱅사거리,
4865882595,37.4825466,127.0360974,crossing,,traffic_signals
4865882601,37.4778903,127.0387683,crossing,,traffic_signals
4865882607,37.4783406,127.0384656,crossing,,traffic_signals
4865882608,37.478356,127.0386147,crossing,,traffic_signals
4865882609,37.4783684,127.0387217,crossing,,traffic_signals
4865882614,37.4867973,127.0329305,crossing,,traffic_signals
4865882615,37.4874637,127.0326373,crossing,,traffic_signals
4865883222,37.4874281,127.0325082,crossing,,traffic_signals
4865883225,37.4868373,127.0330617,crossing,,traffic_signals
4865883236,37.4914211,127.0306325,crossing,,traffic_signals
4865883237,37.4914547,127.0307341,crossing,,traffic_signals
4865883238,37.4914928,127.03087,crossing,,traffic_signals
4865883247,37.4956095,127.0287783,crossing,,traffic_signals
4865883249,37.4955671,127.0286366,crossing,,traffic_signals
4865883254,37.495178,127.0289669,crossing,,traffic_signals
4865883255,37.4952127,127.0290893,crossing,,traffic_signals
4867295782,37.5016033,127.025909,crossing,,traffic_signals
4867334959,37.506476,127.0235634,crossing,,traffic_signals
4867334960,37.5070479,127.0232727,crossing,,traffic_signals
4867334963,37.5064421,127.0234519,crossing,,traffic_signals
4867334964,37.5065146,127.0236934,crossing,,traffic_signals
4867334969,37.5070121,127.0231357,crossing,,traffic_signals
4867334970,37.5070744,127.0233761,crossing,,traffic_signals
4867334979,37.5130693,127.0203919,crossing,,
4867334982,37.5131136,127.0205439,crossing,,
4946593781,37.524984,127.0291304,crossing,,
4954446706,37.5317284,127.0235735,crossing,,
4968534238,37.5294228,127.0336264,crossing,,traffic_signals
4968626364,37.5274772,127.0285927,crossing,,uncontrolled
4968626373,37.5266585,127.028705,crossing,,
4968626407,37.5294444,127.0340603,crossing,,traffic_signals
4968626951,37.5286162,127.0368759,crossing,,
4973012292,37.5250041,127.0242582,crossing,,uncontrolled
4984342402,37.491458,127.0307696,crossing,,traffic_signals
4986248526,37.5308513,127.0309404,crossing,,
5260056835,37.5102019,127.0990647,crossing,,uncontrolled
5715282098,37.4965221,127.0883548,crossing,,zebra
5715282114,37.507443,127.0677807,crossing,,marked
5834819106,37.523211,127.0208842,crossing,,uncontrolled
5834819107,37.5236573,127.0217435,crossing,,
5834819119,37.5240426,127.0221284,crossing,,uncontrolled
5834819122,37.5239889,127.0223823,crossing,,uncontrolled
5834819125,37.524242,127.0225225,crossing,,uncontrolled
5834819126,37.5242439,127.0223184,crossing,,uncontrolled
5834833120,37.5264739,127.0206767,crossing,,uncontrolled
5837290876,37.5285319,127.0779643,crossing,,uncontrolled
5837290888,37.5277053,127.0828731,crossing,,uncontrolled
5837290901,37.5323342,127.0851255,crossing,,traffic_signals
5837290903,37.532569,127.0851943,crossing,,traffic_signals
5837290904,37.5326344,127.0853238,crossing,,traffic_signals
5837290905,37.5322867,127.0854035,crossing,,traffic_signals
5837290907,37.5319156,127.0858778,crossing,,traffic_signals
5837290908,37.531846,127.0857192,crossing,,traffic_signals
5837290911,37.531175,127.086237,crossing,,traffic_signals
5837290912,37.5312502,127.0863893,crossing,,traffic_signals
5899215936,37.4778651,127.0553538,crossing,,marked
5965529938,37.5115883,127.0858542,crossing,,traffic_signals
5965529939,37.5113606,127.0856635,crossing,,traffic_signals
5982510343,37.5299564,127.0868888,crossing,,traffic_signals
5982510360,37.5288208,127.0879636,crossing,,traffic_signals
5982510366,37.5280322,127.0885429,crossing,,traffic_signals
5982510488,37.5203458,127.0944247,crossing,,traffic_signals
5982510510,37.5160629,127.0983283,crossing,,traffic_signals
5996195656,37.5243355,127.0231096,crossing,,uncontrolled
5996195657,37.5248144,127.0240459,crossing,,uncontrolled
5996195659,37.5255588,127.0255102,crossing,,uncontrolled
5996195664,37.5270559,127.0280364,crossing,,traffic_signals
5996195665,37.5269771,127.0281046,crossing,,traffic_signals
5996195667,37.5260583,127.0261247,crossing,,uncontrolled
5996195668,37.5259903,127.0261735,crossing,,uncontrolled
5996195670,37.5250922,127.0241859,crossing,,uncontrolled
6014782854,37.4834681,127.0249421,crossing,,
6221531517,37.5132051,127.0997327,crossing,,traffic_signals
6221531520,37.5130449,127.0999022,crossing,,traffic_signals
6221531531,37.5134011,127.0994845,crossing,,traffic_signals
6221531542,37.5134315,127.0997657,crossing,,traffic_signals
6222192822,37.5291242,127.0341169,crossing,,uncontrolled
6222192823,37.5292506,127.0341207,crossing,,uncontrolled
6222192824,37.5294423,127.0339474,crossing,,uncontrolled
6222192825,37.5294296,127.0337519,crossing,,uncontrolled
6222192826,37.5288529,127.0336394,crossing,,uncontrolled
6222192827,37.5288865,127.0338336,crossing,,uncontrolled
6222192829,37.5292018,127.0334334,crossing,,uncontrolled
6222192830,37.5290814,127.0334565,crossing,,uncontrolled
6222192833,37.5284578,127.0313344,crossing,,
6222192834,37.5280485,127.0304551,crossing,,
6222192835,37.5274895,127.0292917,crossing,,
6222192836,37.5272667,127.028687,crossing,,traffic_signals
6222192837,37.5273515,127.0286232,crossing,,traffic_signals
6222192839,37.5273576,127.0284416,crossing,,traffic_signals
6222192840,37.5272565,127.0281846,crossing,,traffic_signals
6224082487,37.5265094,127.0268315,crossing,,marked
6224082488,37.5308717,127.024566,crossing,,
6224082489,37.531029,127.0248993,crossing,,
6224082494,37.5236338,127.0282718,crossing,,
6224082495,37.523629,127.0283681,crossing,,
6224082496,37.5216519,127.0281245,crossing,,
6224082497,37.5216477,127.0282799,crossing,,
6224082498,37.5198574,127.0278155,crossing,,
6224082501,37.5199053,127.0280362,crossing,,
6224082502,37.519945,127.0281579,crossing,,
6224082504,37.5198336,127.0283066,crossing,,
6224082505,37.5196947,127.028349,crossing,,
6224082507,37.5195041,127.0282625,crossing,,
6224082508,37.5194707,127.0281437,crossing,,
6224082510,37.5195633,127.0279658,crossing,,
6224082511,37.5196989,127.0279242,crossing,,
6224082512,37.5181472,127.0287519,crossing,,
6224082513,37.5181751,127.0288611,crossing,,
6224082514,37.5189296,127.0260732,crossing,,uncontrolled
6224082515,37.5188032,127.0261614,crossing,,uncontrolled
6225367245,37.5292339,127.0352972,crossing,,
6225367246,37.5288934,127.0357325,crossing,,
6225367247,37.5288967,127.0369708,crossing,,
6225367249,37.5280585,127.0407897,crossing,,
6225367251,37.5279499,127.0404387,crossing,,
6225367252,37.5278406,127.0404071,crossing,,
6225367253,37.5278063,127.0410145,crossing,,
6225367254,37.5276882,127.0409711,crossing,,
6225367255,37.5242295,127.0470576,crossing,,
6225367256,37.524111,127.0471205,crossing,,
6225367257,37.5244267,127.0471984,crossing,,
6225367258,37.5244334,127.0473167,crossing,,
6225367259,37.5243009,127.0475777,crossing,,
6225367260,37.5241764,127.0476438,crossing,,
6225367261,37.5239647,127.0474366,crossing,,
6225367262,37.5239567,127.0475727,crossing,,
6225367271,37.5190187,127.0501014,crossing,,uncontrolled
6225367272,37.5190356,127.0501983,crossing,,uncontrolled
6225367276,37.5186225,127.0504134,crossing,,uncontrolled
6225367796,37.515634,127.0354784,crossing,,
6225367797,37.5155975,127.0352928,crossing,,traffic_signals
6225367800,37.5153853,127.0349992,crossing,,traffic_signals
6225367801,37.5152295,127.0350694,crossing,,
6225367803,37.5151797,127.0352941,crossing,,
6225367804,37.5152274,127.0354781,crossing,,
6225367806,37.5154122,127.0356562,crossing,,
6225367807,37.5155795,127.0356474,crossing,,
6225367811,37.5148049,127.0331696,crossing,,
6225367812,37.5146483,127.0332386,crossing,,
6225367813,37.5141067,127.0309034,crossing,,
6225367814,37.5139525,127.0309732,crossing,,
6225367815,37.5139884,127.0304851,crossing,,
6225367816,37.5138295,127.0305452,crossing,,
6225367817,37.5133529,127.0284256,crossing,,
6225367818,37.5132213,127.0284847,crossing,,
6225367819,37.5128078,127.0267008,crossing,,
6225367820,37.5126825,127.0267638,crossing,,
6225367821,37.512299,127.0250571,crossing,,
6225367822,37.5121761,127.0251123,crossing,,
6245318166,37.5264378,127.0283138,crossing,,
6245318167,37.5255591,127.0282838,crossing,,
6245318168,37.5245799,127.0281911,crossing,,
6245318169,37.5237784,127.0281566,crossing,,
6245318170,37.5251701,127.0298727,crossing,,
6245318171,37.5217937,127.0280573,crossing,,
6245318179,37.5200123,127.027845,crossing,,
6245318182,37.5191398,127.0262502,crossing,,
6245318387,37.5190383,127.0259973,crossing,,traffic_signals
6268141753,37.5107105,127.0709259,crossing,,zebra
6268141754,37.5105499,127.070972,crossing,,zebra
6309939715,37.5281648,127.0283188,crossing,,uncontrolled
6309939716,37.5289444,127.0279026,crossing,,
6309939717,37.5290626,127.0280517,crossing,,uncontrolled
6309939720,37.5319916,127.026727,crossing,,uncontrolled
6309939731,37.5309688,127.031815,crossing,,
6309939732,37.5311064,127.0317651,crossing,,
6309939733,37.5310135,127.0316552,crossing,,
6309939734,37.5307218,127.0303954,crossing,,
6309939736,37.5306104,127.0303394,crossing,,
6309939737,37.5306414,127.0301904,crossing,,
6309939746,37.5301373,127.0277404,crossing,,uncontrolled
6705591149,37.5292112,127.0881089,crossing,,traffic_signals
6705591160,37.530193,127.0875631,crossing,,traffic_signals
6718869955,37.5108431,127.0706489,crossing,,marked
6796230765,37.4850414,127.0363053,crossing,,marked
6796230766,37.4851689,127.037211,crossing,,marked
6796230767,37.4851828,127.0374313,crossing,,marked
6796230771,37.4852661,127.0382008,crossing,,marked
6796230772,37.4854158,127.0394848,crossing,,marked
6796230773,37.4855339,127.0400424,crossing,,marked
6796230779,37.4883851,127.0411755,crossing,,marked
6796230782,37.4906847,127.0413762,crossing,,marked
6796230784,37.4917888,127.0409559,crossing,,marked
6796292887,37.4917683,127.0394234,crossing,,marked
6796292888,37.4910121,127.0368569,crossing,,marked
6796292890,37.4905011,127.035134,crossing,,marked
6796292892,37.4901603,127.0340366,crossing,,marked
6796292893,37.4898436,127.0330098,crossing,,marked
6796292894,37.4895236,127.0320188,crossing,,traffic_signals
6796292895,37.4893821,127.0319022,crossing,,traffic_signals
6796292896,37.4890636,127.0320928,crossing,,marked
6796292897,37.4886053,127.0322988,crossing,,marked
6796292898,37.4880731,127.0326102,crossing,,marked
6796292899,37.4855422,127.0337759,crossing,,marked
7483939043,37.5070114,127.0567658,crossing,,marked
7508825248,37.4847216,127.0368446,crossing,,
7530972938,37.5120597,127.0780663,crossing,,marked
7561738192,37.4995568,127.033126,crossing,,traffic_signals
7561738193,37.49972,127.0330459,crossing,,traffic_signals
7856245710,37.5391497,127.0620344,crossing,,
7856245711,37.5393144,127.0621235,crossing,,
7856245716,37.5379885,127.0618048,crossing,,
7856245718,37.5384419,127.0620559,crossing,,
7856245719,37.5388113,127.0622632,crossing,,
7856245721,37.5390726,127.0624087,crossing,,
7856245723,37.5394795,127.0626204,crossing,,
7856245729,37.5372749,127.0608877,crossing,,marked
7856245736,37.5370247,127.0609187,crossing,,marked
7856245737,37.537005,127.0612232,crossing,,marked
7856245742,37.5371323,127.0614305,crossing,,marked
7856245744,37.5361337,127.0608744,crossing,,
7856245745,37.5363338,127.0610157,crossing,,
7856245753,37.5353656,127.0597855,crossing,,marked
7856245757,37.5274373,127.0558726,crossing,,marked
8090482168,37.5139518,127.0851459,crossing,,
8093261892,37.5200313,127.0985741,crossing,,unmarked
8096089012,37.5201666,127.0991535,crossing,,
8104035687,37.5198863,127.0986924,crossing,,unmarked
8178191330,37.4891452,127.0449025,crossing,,
8193395099,37.4778889,127.0385306,crossing,,traffic_signals
8193395101,37.4843899,127.052115,crossing,,
8222891374,37.5309584,127.0244101,crossing,,
8255533763,37.4777472,127.0554177,crossing,,marked
8255537792,37.4777368,127.0554782,crossing,,marked
8256547434,37.4777747,127.0552155,crossing,,marked
8256551457,37.4777791,127.0551742,crossing,,marked
8256551460,37.4776493,127.0553034,crossing,,marked
8369914350,37.4946544,127.0621002,crossing,,
8376423650,37.5042612,127.0245614,crossing,,traffic_signals
8436639430,37.5159738,127.0984286,crossing,,uncontrolled
8459790638,37.5081768,127.0676901,crossing,,marked
8489501830,37.5164286,127.0207968,crossing,,
8489501831,37.5166463,127.0213364,crossing,,
8489501832,37.5169246,127.0220074,crossing,,
8489501833,37.5170982,127.0224268,crossing,,uncontrolled
8495725697,37.5216664,127.0335422,crossing,,
8495731632,37.5218105,127.0339868,crossing,,
8495829675,37.5212494,127.0337091,crossing,,
8495837339,37.5213984,127.0341624,crossing,,
8495853337,37.5151636,127.035157,crossing,,marked
8568858717,37.5292694,127.0334204,crossing,,traffic_signals
8664304476,37.4997619,127.0806917,crossing,,
8664304477,37.5151965,127.0350803,crossing,,marked
8727059719,37.5239546,127.0221978,crossing,,uncontrolled
8727059720,37.5241512,127.0225881,crossing,,uncontrolled
8727059723,37.5249766,127.02379,crossing,,uncontrolled
8727059724,37.5235439,127.0209536,crossing,,uncontrolled
8727059725,37.5262144,127.0262276,crossing,,uncontrolled
8727059726,37.526837,127.0274215,crossing,,
8727059727,37.5248795,127.0241819,crossing,,uncontrolled
8727059729,37.5260827,127.0265035,crossing,,uncontrolled
8727059730,37.5265541,127.0274484,crossing,,uncontrolled
8727059752,37.5235583,127.0211376,crossing,,uncontrolled
8727059753,37.5234655,127.0212113,crossing,,uncontrolled
8743770240,37.5262706,127.0206767,crossing,,uncontrolled
8743770242,37.5260903,127.0208917,crossing,,uncontrolled
8743770244,37.5251048,127.0215994,crossing,,uncontrolled
8744152784,37.5263725,127.020497,crossing,,uncontrolled
8744152786,37.5264635,127.0205009,crossing,,uncontrolled
8793714499,37.5043011,127.0247265,crossing,,traffic_signals
8867671280,37.5073262,127.0673591,crossing,,marked
8867671310,37.5092878,127.0703651,crossing,,marked
8867671312,37.5094172,127.0698529,traffic_signals,,
8951264410,37.5281709,127.0271472,crossing,,marked
8951264413,37.5264612,127.0267308,crossing,,marked
8951264618,37.5264818,127.0267739,crossing,,marked
9001133329,37.5293005,127.0232788,crossing,,uncontrolled
9001133333,37.5291515,127.0325304,crossing,,
9159792966,37.4826031,127.0361932,crossing,,traffic_signals
9159792968,37.4825716,127.0361415,crossing,,traffic_signals
9159792970,37.4820566,127.0364155,crossing,,traffic_signals
9159792974,37.4820946,127.0364727,crossing,,traffic_signals
9159795030,37.4778901,127.0385873,crossing,,traffic_signals
9159795032,37.4778902,127.0386439,crossing,,traffic_signals
9159795035,37.4783627,127.0386692,crossing,,traffic_signals
9194924785,37.5101337,127.0946935,crossing,,
9194924786,37.5099809,127.0977571,crossing,,
9230542286,37.4874941,127.0327477,crossing,,traffic_signals
9230542290,37.48677,127.0328468,crossing,,traffic_signals
9230542294,37.4878845,127.0324238,crossing,,
9230542305,37.495622,127.0288224,crossing,,traffic_signals
9230542306,37.4951469,127.0288612,crossing,,traffic_signals
9230542307,37.4951662,127.0289255,crossing,,traffic_signals
9429745788,37.5075032,127.0909978,crossing,,
9429745789,37.5072448,127.0926775,crossing,,
9429745802,37.5094403,127.0863586,crossing,,
9429745803,37.5075767,127.0904809,crossing,,
9429745804,37.5073689,127.0906054,crossing,,
9429745805,37.5100905,127.0929496,crossing,,
9429745806,37.507646,127.0908445,crossing,,
9429745807,37.5097663,127.0975291,crossing,,
9429745808,37.5066827,127.097357,crossing,,
9429745809,37.5062999,127.0973301,crossing,,
9481687770,37.534908,127.0344694,crossing,,
9488566409,37.5326545,127.0588277,crossing,,
9488942064,37.5395955,127.035658,crossing,,
9509539191,37.4908061,127.0252143,crossing,,marked
9561928559,37.5365691,127.0837985,crossing,,traffic_signals
9561928570,37.5394159,127.0832409,crossing,,traffic_signals
9567280789,37.5374138,127.0611544,crossing,,marked
9567280790,37.5373471,127.0613681,crossing,,marked
9567413792,37.5393878,127.0623425,crossing,,marked
9567413793,37.5393396,127.0624753,crossing,,marked
9567413794,37.5393636,127.0624104,crossing,,marked
9568208759,37.4910408,127.0236379,crossing,,marked
9570489866,37.5205351,127.094805,crossing,,traffic_signals
9577113367,37.5399504,127.0438642,crossing,,
9587173570,37.5348601,127.0348779,crossing,,marked
9593148736,37.5120805,127.0782365,crossing,,
9593148737,37.5120972,127.0783852,crossing,,
9601999063,37.4914131,127.0249287,crossing,,marked
9601999069,37.4895784,127.027592,crossing,,traffic_signals
9601999072,37.4886309,127.0280139,crossing,,traffic_signals
9602018578,37.4902344,127.0210092,crossing,,marked
9602018581,37.4908124,127.0229191,crossing,,marked
9602018634,37.4920992,127.0264233,crossing,,traffic_signals
9602018643,37.491561,127.0248604,crossing,,marked
9602018648,37.4911793,127.0235978,crossing,,marked
9602018653,37.490774,127.0225076,crossing,,marked
9602018657,37.4909651,127.0228609,crossing,,marked
9602018665,37.4903346,127.021069,crossing,,marked
9607816606,37.4914518,127.0247531,crossing,,traffic_signals
9607825641,37.4921735,127.0266653,crossing,,traffic_signals
9607825655,37.4925819,127.0281413,crossing,,traffic_signals
9607825680,37.4929815,127.026249,crossing,,marked
9607825681,37.4924694,127.0264848,crossing,,marked
9607825722,37.4919277,127.0267841,crossing,,traffic_signals
9607825723,37.4920449,127.0267274,crossing,,uncontrolled
9607825724,37.4921279,127.0265169,crossing,,uncontrolled
9607825727,37.4919601,127.0264468,crossing,,uncontrolled
9607825729,37.4918532,127.0265174,crossing,,traffic_signals
9607825730,37.4918857,127.0266254,crossing,,uncontrolled
9607825804,37.4929074,127.025997,crossing,,marked
9607825806,37.4934573,127.0257501,crossing,,traffic_signals
9607825816,37.4930981,127.0241901,crossing,,marked
9607825823,37.4924156,127.0282132,crossing,,traffic_signals
9607825871,37.4887049,127.0283498,crossing,,traffic_signals
9607825872,37.4887167,127.0283204,crossing,,traffic_signals
9607825890,37.4895306,127.0278998,crossing,,marked
9607825925,37.4910311,127.0271545,crossing,,marked
9608940370,37.4886725,127.0281608,crossing,,uncontrolled
9608955175,37.4929581,127.0241749,crossing,,marked
9608955234,37.4878963,127.0266118,crossing,,marked
9608955236,37.4883462,127.0280762,crossing,,traffic_signals
9608955239,37.4884528,127.028033,crossing,,uncontrolled
9608955240,37.4883597,127.0281714,crossing,,traffic_signals
9608955245,37.4885674,127.0284136,crossing,,uncontrolled
9608955247,37.4883972,127.0282929,crossing,,uncontrolled
9608955261,37.4889313,127.029997,crossing,,marked
9608955262,37.4884577,127.0284665,crossing,,traffic_signals
9608955263,37.488448,127.0284597,crossing,,traffic_signals
9608955280,37.4892901,127.0314633,crossing,,traffic_signals
9608955283,37.4893238,127.031622,crossing,,uncontrolled
9608955284,37.4893631,127.031809,crossing,,uncontrolled
9608955285,37.4889765,127.0301481,crossing,,traffic_signals
9608955286,37.489199,127.0300368,crossing,,traffic_signals
9608955287,37.4890891,127.0300918,crossing,,uncontrolled
9608955292,37.4924846,127.0281838,crossing,,uncontrolled
9608955302,37.4924156,127.0283082,crossing,,marked
9608955316,37.4929105,127.0292007,crossing,,marked
9608955317,37.4928672,127.0296934,crossing,,traffic_signals
9608955318,37.4930137,127.0296213,crossing,,traffic_signals
9608955319,37.4929301,127.029659,crossing,,uncontrolled
9608955321,37.4926133,127.0282153,crossing,,marked
9621002225,37.4918098,127.0286025,crossing,,marked
9621002233,37.492678,127.0290503,crossing,,marked
9621002268,37.4921371,127.0273619,crossing,,marked
9621002270,37.4921287,127.027328,crossing,,marked
9621002304,37.4922503,127.0283415,crossing,,marked
9621002315,37.4930219,127.0259448,crossing,,traffic_signals
9621002316,37.4930908,127.026189,crossing,,traffic_signals
9621002317,37.4930528,127.0260542,crossing,,traffic_signals
9621002318,37.4935164,127.0259479,crossing,,traffic_signals
9621002319,37.4934888,127.0258554,crossing,,uncontrolled
9621002326,37.494012,127.0255068,crossing,,traffic_signals
9621002329,37.4944336,127.025306,crossing,,
9621002330,37.4945392,127.0252559,crossing,,
9621002332,37.4952472,127.0249281,crossing,,marked
9621002348,37.4966959,127.0242335,crossing,,traffic_signals
9621002351,37.4967521,127.0244198,crossing,,traffic_signals
9621002352,37.4967247,127.0243289,crossing,,uncontrolled
9621002490,37.4970268,127.0252093,crossing,,marked
9621002495,37.4972697,127.0259977,crossing,,marked
9621002503,37.4975349,127.0269768,crossing,,marked
9621002504,37.4976276,127.0279619,crossing,,
9621002506,37.495638,127.0288739,crossing,,traffic_signals
9623430991,37.4955414,127.0258194,crossing,,marked
9623430994,37.4955864,127.025968,crossing,,marked
9623430995,37.4954842,127.0259283,crossing,,marked
9623430996,37.4956341,127.0258596,crossing,,marked
9623456710,37.4961688,127.0246792,crossing,,
9624440224,37.4708442,127.0303823,crossing,,
9624440239,37.472223,127.028111,crossing,,
9624440240,37.4728066,127.0288874,crossing,,
9624440241,37.472993,127.0293848,crossing,,
9624440287,37.471522,127.0312166,crossing,,
9624440288,37.4715482,127.0310066,crossing,,
9624440289,37.4712853,127.0309963,crossing,,
9625914999,37.4967862,127.0233729,crossing,,uncontrolled
9632500737,37.4995861,127.0271093,crossing,,marked
9632500741,37.5004435,127.0267069,crossing,,marked
9632500744,37.5012818,127.0263057,crossing,,marked
9632500747,37.502678,127.0256329,crossing,,marked
9632500750,37.503992,127.025053,crossing,,marked
9632500756,37.504523,127.0249256,crossing,,marked
9632500757,37.5046495,127.024864,crossing,,marked
9632500794,37.496237,127.028141,crossing,,marked
9632500807,37.4936797,127.0258796,crossing,,marked
9632566089,37.5046761,127.0244134,crossing,,traffic_signals
9632566090,37.5046544,127.024318,crossing,,traffic_signals
9632566092,37.5046975,127.0244964,crossing,,traffic_signals
9657758659,37.4875288,127.0253736,crossing,,marked
9657758663,37.4871873,127.0242661,crossing,,marked
9657758666,37.4870359,127.0237662,crossing,,marked
9657758670,37.4870684,127.0235508,crossing,,marked
9657758673,37.4872537,127.023681,crossing,,marked
9657758675,37.4874064,127.0241811,crossing,,marked
9657758712,37.4872864,127.0288233,crossing,,marked
9657758715,37.4879597,127.0284315,crossing,,marked
9657790218,37.4873547,127.0287042,crossing,,marked
9657790241,37.4867065,127.0275954,crossing,,marked
9657790246,37.4863147,127.0285166,crossing,,marked
9657790262,37.4865277,127.027854,crossing,,marked
9657790293,37.4863065,127.0291166,crossing,,marked
9657790304,37.4862873,127.0292745,crossing,,marked
9657790309,37.4862172,127.0291799,crossing,,marked
9663618694,37.5273742,127.0218424,crossing,,marked
9663618695,37.5278555,127.022211,crossing,,marked
9663618696,37.5298812,127.0237038,crossing,,marked
9711448772,37.4881884,127.026674,crossing,,marked
9711448874,37.4940732,127.025719,crossing,,traffic_signals
9711448875,37.4940396,127.0256026,crossing,,uncontrolled
9711448899,37.4968644,127.0244679,crossing,,traffic_signals
9711448900,37.4971266,127.0243404,crossing,,traffic_signals
9711448901,37.4970337,127.0243847,crossing,,uncontrolled
9711448916,37.4963517,127.0254426,crossing,,
9711449033,37.492193,127.0208507,crossing,,marked
9711449035,37.4921487,127.0209173,crossing,,marked
9822008787,37.495028,127.0270593,crossing,,
9835273087,37.4935414,127.0257265,crossing,,marked
9835273092,37.4940824,127.0275391,crossing,,marked
9852383847,37.4969758,127.0239897,crossing,,traffic_signals
9852383848,37.4967434,127.024104,crossing,,traffic_signals
9852383849,37.4969199,127.0240172,crossing,,uncontrolled
9852383859,37.4896556,127.0312776,crossing,,traffic_signals
9852383862,37.4897926,127.0317263,crossing,,traffic_signals
9852383863,37.4897085,127.0314597,crossing,,uncontrolled
9852383864,37.4897675,127.0316455,crossing,,uncontrolled
9852383866,37.4896468,127.027842,crossing,,traffic_signals
9852383867,37.4896087,127.0277077,crossing,,uncontrolled
9852383875,37.5043713,127.0241528,crossing,,marked
9889594812,37.5085021,127.0559445,crossing,,
9889594814,37.5083678,127.0556283,crossing,,
9889594816,37.5085273,127.0558016,crossing,,
9889607717,37.5084894,127.0556883,crossing,,
9889607718,37.5098781,127.0674174,crossing,,
9889607719,37.510252,127.067343,crossing,,
9889607720,37.5096769,127.0665194,crossing,,
9889607721,37.5100983,127.0663869,crossing,,
9889607722,37.5098175,127.0655932,crossing,,
9889607723,37.5094435,127.0657272,crossing,,
9889607724,37.5091445,127.0647274,crossing,,
9889607725,37.5095035,127.0645347,crossing,,
9889607726,37.5087505,127.0636641,crossing,,
9889607727,37.5086984,127.0634247,crossing,,
9889607728,37.5088446,127.0635382,crossing,,
9889607729,37.5090706,127.0634272,crossing,,
9889607730,37.5092189,127.0631384,crossing,,
9889607731,37.5090575,127.0629203,crossing,,
9889607732,37.5090051,127.0626925,crossing,,
9889607733,37.5085183,127.0629201,crossing,,
9889607734,37.5085295,127.0632026,crossing,,
9889607735,37.5086744,127.0629003,crossing,,
9889607736,37.5088974,127.0627922,crossing,,
9889607737,37.508325,127.062095,crossing,,
9889607738,37.5085974,127.0613984,crossing,,uncontrolled
9889607739,37.5079426,127.0608478,crossing,,
9889607740,37.5076869,127.0597153,crossing,,
9889607741,37.5078999,127.0595433,crossing,,uncontrolled
9889607742,37.5079427,127.0593293,crossing,,uncontrolled
9889607743,37.5077004,127.0589506,crossing,,
9889607744,37.5075401,127.0592588,crossing,,
9889607745,37.5075321,127.0595364,crossing,,
9889607746,37.5073212,127.0589051,crossing,,
9889607747,37.507521,127.0580256,crossing,,
9889607748,37.5071415,127.0582466,crossing,,
9889607749,37.5068555,127.0570938,crossing,,
9889607750,37.5071043,127.056606,crossing,,
9889607751,37.5070586,127.056472,crossing,,
9889607752,37.5066609,127.0568537,crossing,,
9889607753,37.5066176,127.0567148,crossing,,
9889607755,37.5066377,127.0563758,crossing,,
9889607756,37.5065437,127.0549304,crossing,,
9889607757,37.5061887,127.0551758,crossing,,
9889607758,37.4971278,127.024137,crossing,,uncontrolled
9889607759,37.4976251,127.0258517,crossing,,
9889607760,37.4983108,127.0294788,crossing,,
9889607761,37.4988163,127.0297916,crossing,,
9889607762,37.4991493,127.0312231,crossing,,traffic_signals
9889607763,37.499003,127.0312957,crossing,,traffic_signals
9889607764,37.4988183,127.03113,crossing,,uncontrolled
9889607765,37.4988829,127.0308964,crossing,,traffic_signals
9889607766,37.4990249,127.0308263,crossing,,traffic_signals
9889607767,37.4992026,127.030938,crossing,,
9889607768,37.4993706,127.0328715,crossing,,uncontrolled
9889607769,37.4997325,127.0326984,crossing,,uncontrolled
9889607770,37.5000798,127.0338659,crossing,,
9889607771,37.499724,127.0340415,crossing,,
9889607772,37.5006178,127.0355339,crossing,,
9889607773,37.5002179,127.0357568,crossing,,
9889607774,37.5005594,127.037064,crossing,,
9889607775,37.5006354,127.0367367,crossing,,
9889607776,37.5008276,127.0366468,crossing,,
9889607777,37.5010596,127.0368326,crossing,,
9889607778,37.5009385,127.0370232,crossing,,
9889607779,37.5007521,127.0371228,crossing,,
9889607780,37.5010791,127.0385227,crossing,,
9889607781,37.5014449,127.0383151,crossing,,
9889607782,37.5015331,127.0399224,crossing,,
9889607783,37.5016538,127.0400378,crossing,,
9889607784,37.5018872,127.0397251,crossing,,
9889607785,37.501848,127.0399283,crossing,,
9889607786,37.5023199,127.0410998,crossing,,
9889607787,37.5019264,127.0413102,crossing,,
9889607788,37.5022955,127.0427156,crossing,,
9889607789,37.5023384,127.0428776,crossing,,
9889607790,37.5024222,127.0425524,crossing,,
9889607791,37.5026395,127.0424203,crossing,,
9889607792,37.5025548,127.0429921,crossing,,
9889607793,37.5027717,127.0428723,crossing,,
9889607794,37.5032923,127.0442635,crossing,,
9889607795,37.5028824,127.0444798,crossing,,
9889607796,37.5036201,127.0456997,crossing,,
9889607797,37.5041788,127.0471335,crossing,,
9889607798,37.5037694,127.0473233,crossing,,
9889607799,37.5042932,127.0491177,crossing,,
9889607801,37.5044864,127.0484942,crossing,,
9889607802,37.5046778,127.0491231,crossing,,
9889607803,37.5045113,127.0493915,crossing,,
9889607804,37.5048708,127.0509139,crossing,,
9889607805,37.5052805,127.0506911,crossing,,
9889607806,37.5055657,127.0528737,crossing,,
9889607807,37.5055366,127.0530566,crossing,,
9889607808,37.5059315,127.0528536,crossing,,marked
9889607809,37.5057823,127.0527533,crossing,,
9890373425,37.5202841,127.0305674,crossing,,
9890373426,37.5203428,127.0303762,crossing,,
9890373427,37.5204707,127.030321,crossing,,
9890373428,37.5206375,127.0303863,crossing,,
9890373429,37.5210397,127.0316603,crossing,,
9890373430,37.5209721,127.0319065,crossing,,
9890373431,37.5208533,127.0319667,crossing,,
9890373432,37.5206874,127.0318429,crossing,,
9890373433,37.5216416,127.0340238,crossing,,
9890373434,37.5215281,127.0340773,crossing,,
9890373435,37.5213688,127.0340285,crossing,,
9890373436,37.5213108,127.0338371,crossing,,
9890373437,37.5214044,127.033671,crossing,,
9890373438,37.5215174,127.0336308,crossing,,
9890373439,37.5217017,127.0336738,crossing,,
9890373440,37.5217552,127.0338551,crossing,,
9890373441,37.5220251,127.0360408,crossing,,
9890373442,37.5220409,127.0357452,crossing,,
9890373443,37.5221634,127.0356952,crossing,,
9890373444,37.5224741,127.0358313,crossing,,
9890373445,37.5228659,127.0373709,crossing,,
9890373446,37.522447,127.0374217,crossing,,
9890373447,37.5227413,127.0375301,crossing,,
9890373448,37.5226317,127.0375845,crossing,,
9890373449,37.5227326,127.0383091,crossing,,
9890373454,37.5235256,127.0400651,crossing,,
9890373455,37.5231602,127.0405877,crossing,,
9890373456,37.5231099,127.040041,crossing,,
9890373457,37.523245,127.0413988,crossing,,
9890373458,37.5236734,127.0413475,crossing,,
9890373459,37.5234284,127.0416055,crossing,,
9890373460,37.5235497,127.0415853,crossing,,
9890373461,37.5234879,127.0430549,crossing,,
9890373462,37.5238698,127.0429848,crossing,,
9890373463,37.5236631,127.0446876,crossing,,
9890373464,37.5240719,127.0446144,crossing,,
9890373465,37.523825,127.0448096,crossing,,
9890373466,37.5239472,127.0447854,crossing,,
9890373467,37.5249899,127.047106,crossing,,
9890373468,37.5249459,127.0467846,crossing,,
9890373469,37.5264818,127.0453577,crossing,,
9890373470,37.5265381,127.0454745,crossing,,
9890373471,37.5266183,127.045525,crossing,,
9890373472,37.5267245,127.0454562,crossing,,uncontrolled
9890373473,37.5268912,127.0437343,crossing,,
9890373474,37.5269555,127.0438935,crossing,,
9890373475,37.5270441,127.0439266,crossing,,
9890373476,37.5271417,127.0438361,crossing,,uncontrolled
9890373477,37.5272496,127.0422776,crossing,,
9890373479,37.5275505,127.0406143,crossing,,
9890373480,37.528143,127.0392609,crossing,,
9890373481,37.5282424,127.0392961,crossing,,
9890373482,37.5283392,127.0391938,crossing,,
9890373483,37.5286167,127.0373823,crossing,,
9890373484,37.5287155,127.0374202,crossing,,
9890373485,37.5290677,127.0353904,crossing,,
9890373486,37.5291561,127.0353995,crossing,,
9890373487,37.5287875,127.0323762,crossing,,
9890373490,37.528211,127.0301248,crossing,,uncontrolled
9890373491,37.5301465,127.0320479,crossing,,
9890373492,37.53011,127.0321494,crossing,,
9890373493,37.530323,127.032069,crossing,,
9890373494,37.5307455,127.0302446,crossing,,
9890373495,37.5307369,127.030164,crossing,,
9890373496,37.5314197,127.0300091,crossing,,
9890373497,37.5323799,127.0296114,crossing,,
9890373498,37.5318304,127.027358,crossing,,uncontrolled
9890373499,37.5326744,127.0295559,crossing,,
9890373500,37.5327934,127.0293861,crossing,,
9890373501,37.5322067,127.0270204,crossing,,uncontrolled
9890373502,37.5320746,127.027184,crossing,,uncontrolled
9890373505,37.5247055,127.025114,crossing,,
9890373506,37.5247308,127.0248276,crossing,,
9891518467,37.5311178,127.0272841,crossing,,
9891518468,37.5303951,127.0277542,crossing,,uncontrolled
9891518469,37.5302713,127.0277899,crossing,,uncontrolled
9891518470,37.5306931,127.0289699,crossing,,
9891518476,37.5323163,127.0278311,crossing,,uncontrolled
9891518478,37.5321953,127.0273781,crossing,,uncontrolled
9891518512,37.5292546,127.0231232,crossing,,uncontrolled
9891523525,37.5300294,127.0237086,crossing,,uncontrolled
9891543455,37.5246471,127.0247953,crossing,,
9891543456,37.5248082,127.0251128,crossing,,
9891543457,37.5244963,127.0244828,crossing,,
9891543458,37.5245154,127.0242841,crossing,,
9891543459,37.524412,127.0243105,crossing,,
9891543460,37.5243877,127.0243872,crossing,,
9891543461,37.5240485,127.0246638,crossing,,
9891543462,37.5239187,127.0247016,crossing,,
9891543463,37.5236292,127.0249963,crossing,,
9891543464,37.5231463,127.0253775,crossing,,
9891543465,37.5232023,127.0253884,crossing,,
9891543466,37.5232367,127.025306,crossing,,
9891543469,37.5206239,127.0279838,crossing,,
9891543470,37.5213909,127.0283289,crossing,,
9891543471,37.5207483,127.0283004,crossing,,
9891543480,37.5221319,127.0283933,crossing,,
9891543481,37.5229606,127.0284518,crossing,,
9891543486,37.5237829,127.0276707,crossing,,
9891543487,37.5246006,127.0275698,crossing,,
9891543488,37.5251342,127.0276316,crossing,,
9891543489,37.5255993,127.0276598,crossing,,
9891543490,37.5256861,127.0269294,crossing,,
9891543493,37.5261181,127.0276725,crossing,,
9891543504,37.5257112,127.0291882,crossing,,
9891543507,37.5258579,127.0290139,crossing,,
9891543516,37.5237693,127.0284904,crossing,,
9891581217,37.5244727,127.0285363,crossing,,
9891581219,37.5259394,127.0286663,crossing,,
9891581229,37.5262442,127.0286151,crossing,,
9891581230,37.5262463,127.0283451,crossing,,
9891581236,37.5282011,127.0281193,crossing,,
9891581240,37.5279644,127.0221823,crossing,,uncontrolled
9891903389,37.5242714,127.0203886,crossing,,
9891903390,37.5238562,127.0232098,crossing,,
9891903391,37.5222651,127.02346,crossing,,
9891903392,37.5234604,127.0224285,crossing,,
9891903393,37.52345,127.0224991,crossing,,
9891903394,37.523531,127.0224855,crossing,,
9891903395,37.5235276,127.0225615,crossing,,
9891903396,37.5215934,127.0235389,crossing,,
9891903397,37.5222106,127.0226853,crossing,,
9891903398,37.5215114,127.0228006,crossing,,
9891988092,37.5195192,127.0270555,crossing,,
9891988095,37.519061,127.0260475,crossing,,
9891988096,37.5188488,127.0255715,crossing,,
9891988097,37.5186925,127.0251479,crossing,,
9891988098,37.5182502,127.0240614,crossing,,
9891988099,37.5179627,127.0233794,crossing,,
9891988101,37.5177797,127.0230004,crossing,,traffic_signals
9891988102,37.5176093,127.0225941,crossing,,uncontrolled
9891988103,37.5169884,127.0210758,crossing,,
9891988104,37.5167014,127.0204044,crossing,,
9892111591,37.5138198,127.0203219,crossing,,
9892111592,37.5137937,127.0201823,crossing,,
9892111593,37.5137685,127.0200523,crossing,,
9892111597,37.5126369,127.0203533,crossing,,
9892967413,37.5209006,127.0271444,crossing,,
9893039423,37.5178759,127.029092,crossing,,
9893039426,37.5189298,127.0285867,crossing,,
9893039431,37.5198201,127.0291157,crossing,,
9893039437,37.515703,127.0298355,crossing,,
9893039441,37.5167649,127.0293207,crossing,,
9893039444,37.5179274,127.0287766,crossing,,
9893039448,37.5188435,127.0283559,crossing,,
9893039457,37.5124712,127.0223498,crossing,,
9893039458,37.512361,127.0224024,crossing,,
9893039459,37.5140057,127.0283008,crossing,,
9893039460,37.5151398,127.0277715,crossing,,
9893039461,37.5150341,127.0278248,crossing,,
9893039462,37.514101,127.0282559,crossing,,
9893039463,37.5140228,127.0281966,crossing,,
9893039464,37.514065,127.0283375,crossing,,
9893039474,37.5131949,127.0286791,crossing,,
9893039475,37.5130122,127.0279916,crossing,,
9893039476,37.5126968,127.0269659,crossing,,
9893039477,37.5122835,127.0256084,crossing,,
9893039482,37.5134677,127.0285602,crossing,,
9893039485,37.5132996,127.0280937,crossing,,
9893039488,37.5131594,127.0276256,crossing,,
9893039491,37.5129031,127.0267849,crossing,,
9893039494,37.5126408,127.0259417,crossing,,
9893039498,37.5123856,127.0251324,crossing,,
9893039500,37.5146339,127.0202382,crossing,,
9893039501,37.5137386,127.0204963,crossing,,
9893039502,37.5128812,127.0207629,crossing,,
9893039503,37.5120277,127.0211772,crossing,,
9893039518,37.5176795,127.0230673,crossing,,uncontrolled
9893039519,37.5175231,127.0231717,crossing,,uncontrolled
9893039520,37.5174549,127.0232172,crossing,,traffic_signals
9893039521,37.5187049,127.0262274,crossing,,traffic_signals
9893039522,37.5193032,127.0276928,crossing,,
9893039523,37.5191424,127.0273004,crossing,,
9893039524,37.518767,127.0263812,crossing,,uncontrolled
9893039525,37.5183646,127.025413,crossing,,
9893039526,37.517901,127.0243039,crossing,,uncontrolled
9893039527,37.5173609,127.0230038,crossing,,uncontrolled
9922938491,37.5166146,127.0398463,crossing,,
9922938492,37.5166678,127.0389733,crossing,,
9922938493,37.515168,127.0372431,crossing,,
9922938494,37.5152419,127.0371737,crossing,,
9922938495,37.5158044,127.037123,crossing,,
9922938500,37.5131014,127.0355181,crossing,,
9922938501,37.5130893,127.0353491,crossing,,
9922938502,37.5143159,127.034383,crossing,,
9922938503,37.5143927,127.0344497,crossing,,
9922938504,37.5145481,127.0351721,crossing,,
9922938505,37.5146762,127.0356036,crossing,,
9922938506,37.5140171,127.0334123,crossing,,
9922938507,37.5139834,127.0333053,crossing,,
9922938508,37.5140816,127.0333361,crossing,,
9922938509,37.5148251,127.0329638,crossing,,
9922938510,37.5145529,127.033101,crossing,,
9922938511,37.5155234,127.0300411,crossing,,
9922938512,37.5147269,127.030562,crossing,,
9922938513,37.5146394,127.0302765,crossing,,
9922938514,37.5137387,127.0308781,crossing,,
9922938515,37.5141169,127.030712,crossing,,
9950412725,37.485214,127.0294518,crossing,,
9963686463,37.4922883,127.0546213,crossing,,
9963686464,37.4923543,127.0545913,crossing,,
9963686465,37.4924304,127.0545567,crossing,,
9965546314,37.4740536,127.033106,crossing,,
9965554523,37.4738248,127.0309034,crossing,,
9990175982,37.4886319,127.0281803,crossing,,marked
9990175986,37.4881719,127.0266816,crossing,,marked
9990177419,37.4894781,127.0276392,crossing,,marked
9990177435,37.4895134,127.0276227,crossing,,marked
9990177462,37.4894049,127.0278069,crossing,,marked
9990177492,37.4881402,127.0265834,crossing,,marked
9990177494,37.4881592,127.0265742,crossing,,marked
10015167771,37.5383505,127.0438962,crossing,,marked
10015167772,37.5378914,127.0455573,crossing,,marked
10147169339,37.5281851,127.0889809,crossing,,traffic_signals
10181047535,37.5100893,127.078683,crossing,,marked
10181047536,37.5101098,127.0788416,crossing,,marked
10181047539,37.5087375,127.079009,crossing,,marked
10181047540,37.5087644,127.0791879,crossing,,marked
10206893823,37.470169,127.0390519,crossing,,traffic_signals
10215550333,37.5061739,127.08123,crossing,,marked
10215550334,37.5062702,127.0812745,crossing,,marked
10215550347,37.5056625,127.0830062,crossing,,marked
10215550348,37.5057576,127.0830509,crossing,,marked
10220955576,37.496921,127.0244394,crossing,,uncontrolled
10220955581,37.4960372,127.0215872,crossing,,
10220955585,37.4968077,127.0240724,crossing,,uncontrolled
10236589274,37.5395923,127.0577606,crossing,,uncontrolled
10725464403,37.5108369,127.0705778,crossing,,marked
10725472005,37.5155583,127.0698101,crossing,,marked
10725472019,37.5132715,127.0701793,crossing,,uncontrolled
10725472020,37.5132809,127.0702594,crossing,,uncontrolled
10725472032,37.5103744,127.0706642,crossing,,marked
10779115899,37.4839253,127.0298443,traffic_signals,서초구청사거리,
10829592346,37.5379207,127.0770962,crossing,,traffic_signals
10829592355,37.5381129,127.0772999,crossing,,traffic_signals
10829592360,37.5380027,127.0772607,crossing,,traffic_signals
10855673144,37.5021869,127.0969631,crossing,,traffic_signals
10855673145,37.5023842,127.0967585,crossing,,traffic_signals
10855673146,37.502496,127.0967584,crossing,,traffic_signals
10855673147,37.5023805,127.0972815,crossing,,traffic_signals
10855673148,37.5024964,127.0972815,crossing,,traffic_signals
10855673149,37.5027744,127.0970097,crossing,,traffic_signals
10855673151,37.5024928,127.0969868,traffic_signals,,
10956624197,37.5113404,127.0735955,crossing,,uncontrolled
10967997292,37.5197201,127.0281959,traffic_signals,,
10967997293,37.5196802,127.0280801,traffic_signals,,
10967997803,37.5399326,127.0705849,traffic_signals,,
10967997804,37.5398961,127.070702,traffic_signals,,
10968031011,37.5215051,127.0337528,traffic_signals,,
10968031012,37.5215592,127.0339483,traffic_signals,,
10980505323,37.4934459,127.025875,traffic_signals,,
11027615842,37.5285774,127.0408364,crossing,,
11027615843,37.5291655,127.0357758,crossing,,
11027615844,37.5290658,127.0410171,crossing,,
11027615845,37.5302837,127.0414282,crossing,,
11027615846,37.5306441,127.04155,crossing,,
11027615847,37.5294198,127.0352883,crossing,,
11027615848,37.5296181,127.0353796,crossing,,
11027615849,37.5298868,127.0355032,crossing,,
11027615850,37.5304061,127.0357458,crossing,,
11027615851,37.53088,127.0359583,crossing,,
11027615852,37.5314164,127.0361758,crossing,,
11027615853,37.5318897,127.0363599,crossing,,
11027615856,37.5317924,127.0258938,crossing,,
11027615857,37.5308186,127.0276182,crossing,,
11027615858,37.5302111,127.0275576,crossing,,
11027615859,37.529815,127.0279051,crossing,,
11027615860,37.5292761,127.0280706,crossing,,
11027615861,37.5287694,127.0282263,crossing,,
11027615862,37.5282483,127.0283874,crossing,,
11027615863,37.5262601,127.0261052,crossing,,
11034183378,37.5025005,127.0251855,crossing,,uncontrolled
11034183379,37.5034404,127.0246877,crossing,,uncontrolled
11034387027,37.4979888,127.0277003,traffic_signals,,
11034387028,37.4979253,127.0275016,traffic_signals,,
11069243726,37.5161965,127.098281,crossing,,uncontrolled
11073665061,37.5174803,127.0228168,traffic_signals,,
11076288632,37.5363987,127.0835873,crossing,,traffic_signals
11076288634,37.5365449,127.0833663,traffic_signals,,traffic_signals
11076288637,37.5367661,127.0834778,traffic_signals,,traffic_signals
11076288640,37.5362289,127.0838994,crossing,,
11076288652,37.5345997,127.0843971,crossing,,traffic_signals
11076288653,37.5345643,127.0842609,crossing,,traffic_signals
11076288656,37.5334544,127.084693,crossing,,traffic_signals
11076288675,37.5325327,127.0855665,crossing,,traffic_signals
11076288679,37.5318483,127.0860945,crossing,,unmarked
11076288682,37.5311985,127.0865933,crossing,,uncontrolled
11083667700,37.5111721,127.0213861,traffic_signals,,
11083667701,37.5111077,127.0211737,traffic_signals,,
11087433181,37.5395084,127.072503,crossing,,zebra
11087433182,37.5371989,127.0812867,crossing,,uncontrolled
11087433183,37.5387238,127.0751245,crossing,,zebra
11087433185,37.5389804,127.074195,crossing,,zebra
11087433189,37.5398979,127.0709048,crossing,,marked
11087433190,37.5385539,127.0757664,crossing,,zebra
11087433191,37.5399221,127.0704335,crossing,,marked
11087433193,37.5397841,127.0708489,crossing,,marked
11087511401,37.538806,127.0746253,crossing,,traffic_signals
11087511403,37.5386637,127.0745752,crossing,,traffic_signals
11091085455,37.4895453,127.0315333,traffic_signals,뱅뱅사거리,
11110268152,37.5273334,127.0284584,traffic_signals,,
11110268153,37.527248,127.0286479,traffic_signals,,
11110268154,37.5273346,127.0285848,traffic_signals,,
11110268155,37.5272995,127.0281601,traffic_signals,,
11110268156,37.5270749,127.0280744,traffic_signals,,
11110268157,37.526957,127.0280669,traffic_signals,,
11110268160,37.5269384,127.0283089,crossing,,traffic_signals
11110268161,37.5270663,127.0285715,crossing,,traffic_signals
11110268162,37.5271077,127.028559,traffic_signals,,
11110268163,37.5269847,127.0282982,traffic_signals,,
11111175122,37.5289878,127.0334745,crossing,,traffic_signals
11111175123,37.5288408,127.0335693,crossing,,traffic_signals
11111175124,37.5289001,127.0339126,crossing,,traffic_signals
11111175125,37.5293591,127.0341239,crossing,,traffic_signals
11111175126,37.5290533,127.0341148,crossing,,traffic_signals
11111175128,37.528991,127.0338541,traffic_signals,,
11111175129,37.5287866,127.0336301,traffic_signals,,
11111175130,37.5292464,127.034182,traffic_signals,,
11111175131,37.5291231,127.0341779,traffic_signals,,
11111175132,37.5294935,127.0339535,traffic_signals,,
11111175133,37.5294888,127.0337615,traffic_signals,,
11111175134,37.5291922,127.0333709,traffic_signals,,
11111175135,37.5290716,127.033396,traffic_signals,,
11119040761,37.538544,127.0833458,traffic_signals,,traffic_signals
11119040764,37.5382326,127.0833806,traffic_signals,,traffic_signals
11119040774,37.5370588,127.0818897,crossing,,uncontrolled
11119040784,37.5368241,127.0838034,crossing,,uncontrolled
11119040795,37.5368434,127.0832226,crossing,,uncontrolled
11119040798,37.5367696,127.0836167,crossing,,traffic_signals
11119040801,37.5364079,127.0837144,traffic_signals,,traffic_signals
11119145872,37.5093544,127.0866233,crossing,,
11119145875,37.5065859,127.0969616,crossing,,
11125576996,37.5375062,127.0877812,traffic_signals,,traffic_signals
11125577004,37.5366217,127.0833572,crossing,,
11125621007,37.5366911,127.0837679,traffic_signals,,traffic_signals
11125621010,37.5375922,127.0877457,traffic_signals,,traffic_signals
11139107057,37.5280802,127.0300898,traffic_signals,,
11139107058,37.5280276,127.030191,traffic_signals,,
11139143046,37.5282594,127.0302208,crossing,,traffic_signals
11139143047,37.5280185,127.0303926,crossing,,traffic_signals
11139143048,37.528102,127.0303331,crossing,,uncontrolled
11139143049,37.5281755,127.0302806,crossing,,uncontrolled
11139239314,37.5304781,127.0276474,traffic_signals,,
11139239315,37.5301066,127.027749,traffic_signals,,
11139296742,37.5304928,127.0240585,crossing,,uncontrolled
11174484659,37.5016162,127.02596,crossing,,traffic_signals
11179628405,37.5010037,127.0261265,crossing,,traffic_signals
11180657529,37.4932106,127.0298004,crossing,,traffic_signals
11180657531,37.4928332,127.0300266,crossing,,traffic_signals
11180802440,37.4928718,127.0301578,crossing,,traffic_signals
11180802441,37.492824,127.0299848,crossing,,traffic_signals
11180802447,37.4932545,127.029967,crossing,,traffic_signals
11183597723,37.4991296,127.0320403,crossing,,uncontrolled
11183748447,37.4994235,127.0266291,crossing,,uncontrolled
11183748448,37.5006742,127.0260353,crossing,,uncontrolled
11197715126,37.4874773,127.0326896,crossing,,traffic_signals
11197715133,37.4867851,127.0328904,crossing,,traffic_signals
11197718194,37.4782282,127.0390502,crossing,,traffic_signals
11197721687,37.5070643,127.0233289,crossing,,traffic_signals
11211469152,37.527749,127.0841702,crossing,,uncontrolled
11211469155,37.5277681,127.0843455,crossing,,uncontrolled
11211469157,37.5282577,127.0828421,crossing,,uncontrolled
11211469160,37.5293011,127.0827248,crossing,,uncontrolled
11211469164,37.5307528,127.082653,crossing,,uncontrolled
11211469165,37.5307421,127.0824836,crossing,,uncontrolled
11211469166,37.531472,127.0826256,crossing,,traffic_signals
11211469167,37.5314591,127.0823872,crossing,,traffic_signals
11211469168,37.530708,127.0825713,crossing,,uncontrolled
11211469169,37.5308155,127.0825613,crossing,,uncontrolled
11211469170,37.5313824,127.0825106,crossing,,traffic_signals
11211469171,37.5315451,127.0824969,crossing,,traffic_signals
11211469174,37.5284699,127.0779952,crossing,,uncontrolled
11211469176,37.5279208,127.0776969,crossing,,uncontrolled
11211469178,37.5289122,127.0781741,crossing,,uncontrolled
11211469182,37.5297667,127.0785774,crossing,,uncontrolled
11211469183,37.5299518,127.0786701,crossing,,uncontrolled
11211469184,37.5302551,127.0788272,crossing,,uncontrolled
11211469185,37.5304715,127.0789179,crossing,,uncontrolled
11211469186,37.5307915,127.079054,crossing,,uncontrolled
11211469187,37.5313573,127.0793676,crossing,,uncontrolled
11211469188,37.531916,127.0796575,crossing,,uncontrolled
11225237547,37.5235003,127.0212802,traffic_signals,,
11225237548,37.5234508,127.0209254,traffic_signals,,
11225242210,37.5249956,127.0239915,traffic_signals,,
11225242211,37.5250501,127.0243465,traffic_signals,,
11225242212,37.5248134,127.0238795,traffic_signals,,
11225248766,37.5241097,127.0225085,traffic_signals,,
11225248767,37.5240606,127.0221642,traffic_signals,,
11225248768,37.5240315,127.0223897,traffic_signals,,
11225248769,37.5242986,127.0222727,traffic_signals,,
11245176923,37.4970212,127.0243451,traffic_signals,,
11245176924,37.4969326,127.024059,traffic_signals,,
11245176925,37.4968197,127.024111,traffic_signals,,
11245176926,37.4970834,127.0241587,traffic_signals,,
11245176927,37.4967623,127.0243112,traffic_signals,,
11245194265,37.497098,127.0240296,crossing,,traffic_signals
11245194266,37.4971621,127.0242603,crossing,,traffic_signals
11296026925,37.5249634,127.0541274,crossing,,uncontrolled
11296026926,37.5250789,127.0541059,crossing,,uncontrolled
11327546469,37.5379465,127.0896218,crossing,,traffic_signals
11327546470,37.5380475,127.0895928,crossing,,traffic_signals
11327546473,37.5377901,127.0889198,crossing,,traffic_signals
11327546474,37.5378899,127.0889104,crossing,,traffic_signals
11328905695,37.5371433,127.0806518,crossing,,traffic_signals
11328905713,37.5372541,127.0806905,crossing,,traffic_signals
11328905719,37.5397361,127.0704924,crossing,,marked
11328905727,37.5397045,127.070599,crossing,,marked
11328905733,37.5391301,127.0722841,crossing,,zebra
11328905742,37.5385985,127.074325,crossing,,traffic_signals
11356020878,37.5234102,127.0390858,crossing,,traffic_signals
11356020879,37.5234398,127.0392553,crossing,,traffic_signals
11356020880,37.5230585,127.0394698,crossing,,traffic_signals
11356020881,37.5233878,127.0394159,crossing,,traffic_signals
11356020882,37.5232825,127.0394345,crossing,,uncontrolled
11356020883,37.523162,127.0394536,crossing,,uncontrolled
11356020884,37.5229358,127.0389347,crossing,,traffic_signals
11356020885,37.5232576,127.0387892,crossing,,traffic_signals
11356020886,37.5230393,127.0388898,crossing,,uncontrolled
11356020887,37.5231432,127.0388418,crossing,,uncontrolled
11356020888,37.5229209,127.0392333,crossing,,traffic_signals
11356020889,37.5228996,127.0391436,crossing,,traffic_signals
11356020890,37.5229105,127.0391897,crossing,,uncontrolled
11356020891,37.5231544,127.0393922,traffic_signals,,
11356020892,37.5232891,127.0394876,traffic_signals,,
11356020893,37.5233731,127.0391712,traffic_signals,,
11356020894,37.5231687,127.0389197,traffic_signals,,
11356020895,37.5230285,127.0388548,traffic_signals,,
11356020896,37.5228707,127.0392008,traffic_signals,,
11356103031,37.5190097,127.0500501,crossing,,traffic_signals
11356103032,37.5190435,127.0502434,crossing,,traffic_signals
11356103033,37.5189132,127.0499784,crossing,,traffic_signals
11356103034,37.5186922,127.050071,crossing,,traffic_signals
11356103035,37.5188787,127.0499928,crossing,,uncontrolled
11356103036,37.5187226,127.0500583,crossing,,uncontrolled
11356103037,37.5189917,127.0504503,crossing,,traffic_signals
11356103038,37.5187657,127.0505166,crossing,,traffic_signals
11356103039,37.5188004,127.0505064,crossing,,uncontrolled
11356103040,37.5189604,127.0504595,crossing,,uncontrolled
11356103041,37.5185788,127.0502693,crossing,,traffic_signals
11356103042,37.5186339,127.0504513,crossing,,traffic_signals
11356103043,37.5185922,127.0503135,crossing,,uncontrolled
11356103044,37.5190094,127.0502126,traffic_signals,,
11356103045,37.5188102,127.050564,traffic_signals,,
11356103046,37.5185556,127.0503329,traffic_signals,,
11356103047,37.5188695,127.0499446,traffic_signals,,
11386066194,37.5065794,127.0704459,traffic_signals,,
11431820849,37.4833733,127.0239827,crossing,,
11431820858,37.4829015,127.0218224,crossing,,
11431820866,37.4844415,127.0321124,crossing,,
11431861574,37.4930544,127.0304281,crossing,,traffic_signals
11431861583,37.4854447,127.0411013,crossing,,
11431861588,37.4897876,127.0318879,crossing,,traffic_signals
11431861607,37.4855948,127.0410715,crossing,,
11431861628,37.4860285,127.0293493,crossing,,marked
11431861632,37.4831812,127.0252072,crossing,,
11431861642,37.4838959,127.0301702,crossing,,
11431861653,37.4827831,127.0218464,crossing,,
11431861669,37.4830043,127.021685,crossing,,
11431861683,37.4840482,127.0301398,crossing,,
11431861706,37.4842196,127.029776,crossing,,
11431861710,37.4850174,127.0387528,crossing,,
11431861716,37.4931493,127.030377,crossing,,uncontrolled
11431861720,37.4845229,127.0352017,crossing,,
11431861726,37.4932177,127.0303325,crossing,,traffic_signals
11431861748,37.4861263,127.0294727,crossing,,marked
11431861752,37.4839198,127.0281778,crossing,,uncontrolled
11431861777,37.4831437,127.0226882,crossing,,
11431861787,37.4852692,127.0405263,crossing,,
11492300191,37.508276,127.0604357,crossing,,uncontrolled
11492300197,37.5089632,127.0589337,crossing,,uncontrolled
11492300203,37.5093463,127.0584597,crossing,,unmarked
11492300206,37.5099945,127.0573768,crossing,,unmarked
11492300208,37.5096321,127.0561961,crossing,,unmarked
11492300211,37.508093,127.0550032,crossing,,uncontrolled
11492300212,37.5077924,127.0542323,crossing,,uncontrolled
11492300213,37.5074958,127.0535158,crossing,,uncontrolled
11492300220,37.5067742,127.0515882,crossing,,uncontrolled
11492300221,37.5067538,127.0505843,crossing,,uncontrolled
11492300222,37.5067468,127.05024,crossing,,uncontrolled
11628666274,37.4837785,127.0271905,crossing,,
11633874740,37.4835171,127.0279811,crossing,,
11847324472,37.5010204,127.0261804,crossing,,traffic_signals
12061668158,37.4996889,127.022777,crossing,,unmarked
12061668165,37.4985367,127.0234672,crossing,,uncontrolled
12061668166,37.4984537,127.0233907,crossing,,uncontrolled
12061668168,37.4984188,127.0235241,crossing,,uncontrolled
12061673669,37.498524,127.0236431,crossing,,uncontrolled
12061673670,37.4984905,127.0235226,crossing,,uncontrolled
12061673676,37.5022064,127.0218142,crossing,,uncontrolled
12061673679,37.5016789,127.0219569,crossing,,uncontrolled
12061673682,37.5008766,127.0223147,crossing,,uncontrolled
12061673685,37.4998672,127.0228043,crossing,,uncontrolled
12061673690,37.4986494,127.024403,crossing,,unmarked
12061673697,37.4990227,127.0251813,crossing,,uncontrolled
12061673699,37.4988965,127.025242,crossing,,uncontrolled
12061673705,37.4991654,127.0256899,crossing,,unmarked
12061682133,37.5033259,127.0211733,crossing,,uncontrolled
12061682135,37.5038149,127.0228615,crossing,,
12061682137,37.4984701,127.0235,crossing,,uncontrolled
12061684193,37.5026618,127.0234415,crossing,,
12061684198,37.503384,127.0210004,crossing,,uncontrolled
12061684199,37.5034417,127.0209697,crossing,,uncontrolled
12062601380,37.5023283,127.0221046,crossing,,
12062647536,37.4974367,127.0204182,crossing,,
12062647559,37.4962312,127.0200328,crossing,,
12089096715,37.5229672,127.0281282,crossing,,
12324885028,37.4735891,127.0960433,crossing,,
12324885029,37.4730318,127.0961456,crossing,,
12814945609,37.5012802,127.0916535,crossing,,uncontrolled
12814945610,37.5012414,127.0915794,crossing,,uncontrolled
12814945611,37.5011796,127.0916106,crossing,,uncontrolled
12814945612,37.5012056,127.0917063,crossing,,uncontrolled
13028137116,37.5103172,127.0946418,crossing,,
13049634126,37.4906815,127.0219054,crossing,,marked
13049634127,37.4908022,127.0223167,crossing,,marked
13049634128,37.4858817,127.0413293,crossing,,marked
13049634129,37.5110365,127.0209481,crossing,,marked
13049634130,37.5109385,127.0209995,crossing,,marked
13049634131,37.5112806,127.0217405,crossing,,marked
13049634132,37.5111863,127.0217876,crossing,,marked
13049634133,37.4903909,127.020948,crossing,,marked
13059953403,37.4701181,127.0388492,crossing,,traffic_signals
13147183113,37.4731772,127.0384065,crossing,,
13147183114,37.473455,127.0386051,crossing,,
13147183115,37.4734556,127.0385522,crossing,,
13147183116,37.4734539,127.038709,crossing,,
13147183117,37.4734532,127.0387772,crossing,,
13166953309,37.5019265,127.0254453,crossing,,uncontrolled
13206627388,37.5372135,127.086814,crossing,,
13254793537,37.5274597,127.0534789,crossing,,uncontrolled
13254793540,37.5274953,127.045004,crossing,,uncontrolled
13254793541,37.5276432,127.0444239,crossing,,uncontrolled
13254793547,37.5278123,127.0441058,crossing,,uncontrolled
13254793554,37.5289659,127.0445176,crossing,,uncontrolled
13254793557,37.5295319,127.0447111,crossing,,uncontrolled
13254793571,37.529547,127.0448449,crossing,,uncontrolled
13254793573,37.5291661,127.0462184,crossing,,uncontrolled
13254793574,37.5291158,127.0464357,crossing,,uncontrolled
13254793575,37.5290805,127.0463628,crossing,,uncontrolled
13254793576,37.5287345,127.0480304,crossing,,uncontrolled
13254793577,37.528425,127.0493407,crossing,,uncontrolled
13254793578,37.5278944,127.0516294,crossing,,uncontrolled
13357661517,37.4979981,127.0579694,crossing,,uncontrolled
13357661518,37.4973803,127.0563355,crossing,,uncontrolled
13357661519,37.4979358,127.0580569,crossing,,uncontrolled
13357661521,37.498224,127.0588357,crossing,,traffic_signals
13357661522,37.4989549,127.0584773,crossing,,uncontrolled
13357661531,37.4982817,127.0588545,crossing,,traffic_signals
13357661535,37.4982466,127.0589058,crossing,,traffic_signals
13357661536,37.4982099,127.058892,crossing,,traffic_signals
13357661537,37.4988681,127.0608033,crossing,,traffic_signals
13358712018,37.4995807,127.0604158,crossing,,uncontrolled
13358712022,37.5001603,127.0601028,crossing,,uncontrolled
13358712026,37.4989683,127.0585191,crossing,,uncontrolled
13358712031,37.4989855,127.0584873,crossing,,uncontrolled
13358712032,37.498943,127.0585091,crossing,,uncontrolled
13358712033,37.4995215,127.0582274,crossing,,uncontrolled
13358712037,37.4997538,127.058831,crossing,,uncontrolled
13358712038,37.4998587,127.0591537,crossing,,uncontrolled
13358712039,37.4999598,127.0594648,crossing,,uncontrolled
13358712040,37.5000828,127.0598024,crossing,,uncontrolled
13358712041,37.4998288,127.0591159,crossing,,
13358712044,37.4995392,127.0582437,crossing,,uncontrolled
13358712045,37.4995232,127.058195,crossing,,uncontrolled
13358712046,37.4995529,127.0582106,crossing,,uncontrolled
13358712048,37.4997162,127.0588136,crossing,,uncontrolled
13358712049,37.4998184,127.0591212,crossing,,uncontrolled
13358712050,37.4999167,127.0594174,crossing,,uncontrolled
13358712051,37.5000154,127.0597144,crossing,,uncontrolled
13358712134,37.4977244,127.0571291,crossing,,uncontrolled
13358712137,37.4975561,127.0566124,crossing,,uncontrolled
13358712138,37.4974538,127.056297,crossing,,uncontrolled
13358712143,37.4974054,127.0562809,crossing,,traffic_signals
13358779109,37.497615,127.0543912,crossing,,uncontrolled
13358779110,37.4975891,127.0543101,crossing,,uncontrolled
13358779111,37.4969296,127.0546812,crossing,,traffic_signals
13358779112,37.4968815,127.0546605,crossing,,traffic_signals
13358779113,37.4968572,127.0547187,crossing,,traffic_signals
13358779114,37.4969112,127.0547533,crossing,,traffic_signals
13358779116,37.4983046,127.0611035,crossing,,uncontrolled
13358779117,37.4978377,127.0613498,crossing,,uncontrolled
13358779118,37.4971356,127.0617202,crossing,,uncontrolled
13358779133,37.4983717,127.0613097,crossing,,uncontrolled
13358779134,37.4969708,127.0620585,crossing,,uncontrolled
13358779135,37.4959014,127.0626302,crossing,,uncontrolled
13358779136,37.4951228,127.0648701,crossing,,
13358779138,37.4995038,127.0606995,crossing,,uncontrolled
13358779139,37.5002051,127.0603388,crossing,,uncontrolled
13358779140,37.4989226,127.0608107,crossing,,traffic_signals
13358779141,37.4988499,127.0608485,crossing,,traffic_signals
13358779142,37.4989374,127.0610079,crossing,,traffic_signals
13358779143,37.4988929,127.0609906,crossing,,traffic_signals
13358779144,37.4989641,127.060951,crossing,,traffic_signals
13358779148,37.4971152,127.061785,crossing,,traffic_signals
13358779149,37.4971501,127.061898,crossing,,traffic_signals
13358779152,37.4958014,127.062473,crossing,,traffic_signals
13358779153,37.4958407,127.0625942,crossing,,traffic_signals
13358779160,37.4937256,127.0635152,crossing,,
13358779161,37.49304,127.0638732,crossing,,
13358779162,37.4918737,127.0644821,crossing,,
13358779168,37.4953859,127.0666473,crossing,,uncontrolled
13358779171,37.4935458,127.0608744,crossing,,uncontrolled
13358779172,37.4942243,127.0623521,crossing,,uncontrolled
13358779175,37.4945181,127.0631011,crossing,,traffic_signals
13358779176,37.4943592,127.0631843,crossing,,traffic_signals
13358779177,37.4943474,127.0632354,crossing,,traffic_signals
13358779178,37.4943843,127.0633628,crossing,,traffic_signals
13358779179,37.4946069,127.0633377,crossing,,traffic_signals
13358779180,37.4944392,127.0633941,crossing,,traffic_signals
13358779181,37.4945819,127.0631138,crossing,,traffic_signals
13358779182,37.4946614,127.0632286,crossing,,traffic_signals
13358779183,37.4948001,127.063344,crossing,,traffic_signals
13358795533,37.5013749,127.0597155,crossing,,uncontrolled
13358795534,37.5013172,127.0594791,crossing,,uncontrolled
13358795537,37.5013796,127.0595104,crossing,,traffic_signals
13358795538,37.5014185,127.0596372,crossing,,traffic_signals
13358795541,37.5012852,127.0595611,crossing,,traffic_signals
13358795542,37.5013261,127.0596868,crossing,,traffic_signals
13362049049,37.4920877,127.0763693,crossing,,uncontrolled
13362049050,37.4915639,127.0766353,crossing,,uncontrolled
13362049061,37.493197,127.0778087,crossing,,uncontrolled
13362049076,37.4897462,127.0752842,crossing,,uncontrolled
13363083292,37.4941474,127.0807562,crossing,,uncontrolled
13363083293,37.4946538,127.0823036,crossing,,uncontrolled
13363083294,37.4935931,127.0794157,crossing,,traffic_signals
13363116847,37.4914775,127.0768499,crossing,,uncontrolled
13363116848,37.4907789,127.0793559,crossing,,uncontrolled
13363116854,37.491097,127.0770431,crossing,,uncontrolled
13363116865,37.4927458,127.078025,crossing,,
13363116880,37.4924591,127.0783799,crossing,,
13363116881,37.4926405,127.0789328,crossing,,
13363116882,37.4927048,127.079129,crossing,,
13363176403,37.4940875,127.0812107,crossing,,uncontrolled
13363176404,37.4945238,127.0825495,crossing,,uncontrolled
13363176405,37.4951033,127.0843279,crossing,,uncontrolled
13363176406,37.4953618,127.0858917,crossing,,uncontrolled
13363176411,37.495518,127.085905,crossing,,traffic_signals
13363176412,37.4943739,127.0863834,crossing,,uncontrolled
13363176415,37.4956444,127.0856514,crossing,,traffic_signals
13363176416,37.4957671,127.0860304,crossing,,traffic_signals
13363176419,37.4951479,127.0842148,crossing,,traffic_signals
13363176425,37.4945385,127.0822745,crossing,,traffic_signals
13363176426,37.4946799,127.0827154,crossing,,traffic_signals
13363176431,37.4937871,127.0794911,crossing,,traffic_signals
13363176432,37.4936948,127.0797207,crossing,,traffic_signals
13363176433,37.49356,127.0795996,crossing,,traffic_signals
13363176434,37.4917683,127.0822827,crossing,,traffic_signals
13366061045,37.4943593,127.0714098,crossing,,uncontrolled
13366061046,37.4969834,127.0721612,crossing,,
13366065645,37.4914919,127.072588,crossing,,
13366065646,37.4915581,127.0728107,crossing,,
13366065647,37.4916136,127.0729071,crossing,,
13366065655,37.4939974,127.0709861,crossing,,uncontrolled
13366760909,37.4905748,127.0773763,crossing,,uncontrolled
13366760910,37.4895253,127.0778709,crossing,,uncontrolled
13366956907,37.4922959,127.0750414,crossing,,uncontrolled
13367081702,37.493812,127.076695,crossing,,uncontrolled
13367081705,37.4939686,127.0769842,crossing,,uncontrolled
13367081707,37.4941722,127.0773437,crossing,,uncontrolled
13367081710,37.4943056,127.0773523,crossing,,uncontrolled
13367081715,37.4949633,127.0790191,crossing,,uncontrolled
13367081716,37.494679,127.078175,crossing,,uncontrolled
13367081717,37.494791,127.0784929,crossing,,uncontrolled
13367081718,37.4947371,127.0790254,crossing,,uncontrolled
13367081721,37.4930497,127.0758144,crossing,,uncontrolled
13367081725,37.4931527,127.0758054,crossing,,uncontrolled
13367081727,37.4929783,127.0760469,crossing,,uncontrolled
13367081728,37.4930884,127.0760765,crossing,,uncontrolled
13367081737,37.492465,127.0759987,crossing,,traffic_signals
13367081738,37.4925466,127.0762458,crossing,,traffic_signals
13367081740,37.4925671,127.0762524,crossing,,traffic_signals
13367081741,37.4927274,127.0761723,crossing,,traffic_signals
13367081743,37.4926131,127.0764471,crossing,,traffic_signals
13367081744,37.4924188,127.0763218,crossing,,traffic_signals
13367081747,37.4920676,127.0747951,crossing,,traffic_signals
13367081751,37.4912397,127.0724699,crossing,,traffic_signals
13367081752,37.4911897,127.0727536,crossing,,traffic_signals
13367081753,37.491261,127.0729724,crossing,,traffic_signals
13367081754,37.4914724,127.0729928,crossing,,traffic_signals
13367081755,37.492536,127.0762674,crossing,,traffic_signals
13367300399,37.5020575,127.0590702,crossing,,
13388021468,37.5166809,127.0295231,crossing,,
13390556545,37.5036177,127.060038,crossing,,
13390556546,37.5040116,127.0611879,crossing,,
